<?xml version="1.0"?>
<!DOCTYPE hibernate-mapping PUBLIC "-//Hibernate/Hibernate Mapping DTD 3.0//EN"
"http://www.hibernate.org/dtd/hibernate-mapping-3.0.dtd">

<hibernate-mapping>
	<!-- class name is the fully qualified name of the POJO class -->
	<!-- table is the name of the database table which represents the Student -->
	<class name="com.src.model.Customer" table="custdb" discriminator-value="cust">
		<!-- Attribute id is mapped to the column empid -->
		<id name="customerid" type="integer">
			<column name="customerid" />
			<generator class="increment"></generator>
		</id>
		<discriminator column="objecttype" type="string"></discriminator>
		
		<!-- Attribute name is mapped to the column empname -->
		<property name="customername" type="string">
			<column name="customername" length="10" />
		</property>

		<!-- Attribute age is mapped to the column "empage" -->
		<property name="product" type="string">
			<column name="product" length="20"  />
		</property>
		<subclass name="com.src.model.Details" discriminator-value="cdet">
		<property name="mobnumber" type="long">
			<column name="mobnumber" length="10" />
		</property>

		<!-- Attribute age is mapped to the column "empage" -->
		<property name="price" type="integer">
			<column name="price" length="20"  />
		</property>
		
		</subclass>
	    	</class>
</hibernate-mapping>
