<?xml version="1.0"?>
<!DOCTYPE hibernate-mapping PUBLIC "-//Hibernate/Hibernate Mapping DTD 3.0//EN"
"http://www.hibernate.org/dtd/hibernate-mapping-3.0.dtd">

<hibernate-mapping>
	<!-- class name is the fully qualified name of the POJO class -->
	<!-- table is the name of the database table which represents the Student -->
	<class name="com.src.model.Employee" table="empl" >
		<!-- Attribute id is mapped to the column empid -->
		<id name="empid" type="integer">
			<column name="empid" />
			<generator class="increment"></generator>
		</id>
		
		<!-- Attribute name is mapped to the column empname -->
		<property name="empname" type="string">
			<column name="empname" length="10" />
		</property>

		<!-- Attribute age is mapped to the column "empage" -->
		<property name="empage" type="integer">
			<column name="empage" length="20"  />
		</property>
	    <joined-subclass name="com.src.model.ContractEmployee" table="empl">
		<key column="empid"></key>
		<property name="contractDuration" type="integer">
			<column name="contractDuration" length="10" />
		</property>
        <property name="payPerHour" type="double">
			<column name="payPerHour" length="20"  />
		</property>
		</joined-subclass>
		<joined-subclass name="com.src.model.PermanentEmployee" table="emplp" >
        <key column="empid"></key>
		<property name="salary" type="double">
			<column name="salary" length="10" />
		</property>
        <property name="bonus" type="double">
			<column name="bonus" length="20"  />
		</property>
		</joined-subclass>
	</class>
</hibernate-mapping>
