<log4j:event logger="day13.SimpleLogEx" timestamp="1612162670438" level="DEBUG" thread="main">
<log4j:message><![CDATA[completed display]]></log4j:message>
</log4j:event>

<log4j:event logger="day13.SimpleLogEx" timestamp="1612162670442" level="DEBUG" thread="main">
<log4j:message><![CDATA[done on add]]></log4j:message>
</log4j:event>

<log4j:event logger="day13.SimpleLogEx" timestamp="1612162670443" level="ERROR" thread="main">
<log4j:message><![CDATA[number divided by zero]]></log4j:message>
</log4j:event>

<log4j:event logger="day13.SimpleLogEx" timestamp="1612164458377" level="DEBUG" thread="main">
<log4j:message><![CDATA[completed display]]></log4j:message>
</log4j:event>

<log4j:event logger="day13.SimpleLogEx" timestamp="1612164458381" level="DEBUG" thread="main">
<log4j:message><![CDATA[done on add]]></log4j:message>
</log4j:event>

<log4j:event logger="day13.SimpleLogEx" timestamp="1612164458382" level="ERROR" thread="main">
<log4j:message><![CDATA[number divided by zero]]></log4j:message>
</log4j:event>

